repeat,median_us,min_us,max_us
1,174.412080,169.900000,248.293340
2,182.578340,170.005830,220.346670
3,178.512500,176.859170,231.281250
4,178.836670,174.198750,179.925000
5,179.291670,178.316250,181.085420
6,179.721250,177.506660,216.472500
7,180.504580,179.176250,184.510840
